name,link
Conifer46,https://www.foodpanda.com.mm/restaurant/k2fo/conifer46
Sandar May(South Okkalapa),https://www.foodpanda.com.mm/restaurant/t8xk/sandar-may-south-okkalapa
Royal K Restaurant,https://www.foodpanda.com.mm/restaurant/z0fl/royal-k-restaurant
38 Station Teppanyaki Restaurant ,https://www.foodpanda.com.mm/chain/ce7ou/38-station-teppanyaki-restaurant
ရတီထမင်းဆိုင်,https://www.foodpanda.com.mm/restaurant/p0ti/rttiithmng-chiung
ရန်ကင်းမီတာရုံးရှေ့စမူဆာသုပ်,https://www.foodpanda.com.mm/restaurant/l2tf/rn-kng-miittaarun-r-e-cmuuchaasup
Twin Sister Noodle,https://www.foodpanda.com.mm/restaurant/lt4g/twin-sister-noodle
Black Sea Seafood ( BBQ. Bar & Restaurant ),https://www.foodpanda.com.mm/restaurant/d6sf/black-sea-seafood-bbq-bar-and-restaurant
အောင်မြင့်မိုရ် ကဖေးနှင့်စားဖွယ်စုံ,https://www.foodpanda.com.mm/restaurant/y6w5/aeaang-m-ng-miur-kphe-n-ng-caa-ph-y-cun
ကိုးကဖေးဟောက်စ်,https://www.foodpanda.com.mm/restaurant/i07m/kiu-kphe-heaak-c
Four Burger Shop,https://www.foodpanda.com.mm/restaurant/myle/four-burger-shop
Princess Irrawaddy,https://www.foodpanda.com.mm/chain/cs4vz/princess-irrawaddy
Friends Fast Food (South Okkalapa),https://www.foodpanda.com.mm/restaurant/n8ii/friends-fast-food-south-okkalapa
Takeaway Eat Fresh,https://www.foodpanda.com.mm/restaurant/v2eu/takeaway-eat-fresh
ထိပ်တန်း ( ကြက်ဆီထမင်း ၊ ရေခဲမုန့် ),https://www.foodpanda.com.mm/restaurant/nfti/thip-ttn-k-k-chiithmng-rekhaimun
ဆုလာဘ်,https://www.foodpanda.com.mm/restaurant/tz7y/chulaabh
ဖြူဖွေးသန့် Laundry Service (South Oakkalapa) (pandago),https://www.foodpanda.com.mm/restaurant/bp8x/ph-uuph-e-sn-laundry-service-south-oakkalapa-pandago
Chili Rock အထောင်းဆိုင်,https://www.foodpanda.com.mm/restaurant/sgvx/chili-rock-atheaang-chiung
သစ္စာရိပ်သာရှမ်းခေါက်ဆွဲ,https://www.foodpanda.com.mm/restaurant/mffd/sccaarip-saar-m-khe-k-ch-ai
မာလာချိုက်,https://www.foodpanda.com.mm/restaurant/ej3y/maalaakh-iuk
ရွှေရုပ်လွှာ ထိုင်ဝမ် သံပုံး ကြက်ကင်ဘဲကင်,https://www.foodpanda.com.mm/restaurant/hxhm/r-erup-l-aa-thiung-wm-snpun-k-k-kng-bhaikng
Kachin House ( Herbal Drinks ),https://www.foodpanda.com.mm/restaurant/e5mh/kachin-house-herbal-drinks
Royal Thai Restaurant,https://www.foodpanda.com.mm/restaurant/t9yp/royal-thai-restaurant
Darcy's Bakery,https://www.foodpanda.com.mm/restaurant/z9fy/darcys-bakery
Sun Moon Star (Halal Food),https://www.foodpanda.com.mm/restaurant/jp1h/sun-moon-star-halal-food-jp1h
City One (စားဖွယ်စုံ),https://www.foodpanda.com.mm/restaurant/zgai/city-one-caa-ph-y-cun
Black Sea Seafood,https://www.foodpanda.com.mm/restaurant/hf3s/black-sea-seafood
Where's The Food (WTF),https://www.foodpanda.com.mm/restaurant/nahw/wheres-the-food-wtf
ဝဆန်းသီး,https://www.foodpanda.com.mm/restaurant/t6bd/wchn-sii
Mel Cook Cafe,https://www.foodpanda.com.mm/restaurant/mo5t/mel-cook-cafe
Kyaw Kyar,https://www.foodpanda.com.mm/restaurant/y0gt/kyaw-kyar
လျှာဂျွန်းပြန်,https://www.foodpanda.com.mm/restaurant/x7hk/l-aag-n-p-n
ရန်ကင်း ညနေခင်း မုန့်ဟင်းခါး,https://www.foodpanda.com.mm/restaurant/dw0v/rn-kng-nnynekhng-mun-hng-kh
Yummy Kitchen,https://www.foodpanda.com.mm/restaurant/i1yw/yummy-kitchen-1
New Chit Tee,https://www.foodpanda.com.mm/restaurant/p6nl/new-chit-tee
ပွဲတော်ဦးကြက်ဆီထမင်း,https://www.foodpanda.com.mm/restaurant/g6k3/p-aitteaa-uu-k-k-chiithmng
မိုးကုတ် လက်ရာ halal food,https://www.foodpanda.com.mm/restaurant/pbw1/miu-kutt-lk-raa-halal-food
တော်ဝင် (စားဖွယ်စုံ),https://www.foodpanda.com.mm/restaurant/ftfa/tteaa-wng-caa-ph-y-cun
မိဘရိပ် (Tea Shop),https://www.foodpanda.com.mm/restaurant/m3ad/mibhrip-tea-shop
Durian Bao,https://www.foodpanda.com.mm/restaurant/k2ux/durian-bao
Four Season Steamboat (Restaurant),https://www.foodpanda.com.mm/restaurant/o3ks/four-season-steamboat-restaurant
မောင့်လက်ရာ,https://www.foodpanda.com.mm/restaurant/y1mj/meaang-lk-raa
Krispy Kreme,https://www.foodpanda.com.mm/chain/ck0pe/krispy-kreme
Ko Hla Thein Ice Cream (ပင်ရင်းဆိုင်),https://www.foodpanda.com.mm/restaurant/j7eo/ko-hla-thein-ice-cream-png-rng-chiung
Ko San Shay (Terminated),https://www.foodpanda.com.mm/restaurant/t6vf/ko-san-shay-terminated
Mango Thai Restaurant,https://www.foodpanda.com.mm/restaurant/t1ll/mango-thai-restaurant
Myanmar Food House,https://www.foodpanda.com.mm/restaurant/t3pm/myanmar-food-house
The Chuan House,https://www.foodpanda.com.mm/restaurant/t7hc/the-chuan-house
Su Po Po Aung,https://www.foodpanda.com.mm/restaurant/x2bb/su-po-po-aung
Cozy Bar & Restaurant,https://www.foodpanda.com.mm/restaurant/t3pi/cozy-bar-and-restaurant
Thiri Gone ( Rakhine Yoe Yar ),https://www.foodpanda.com.mm/restaurant/e2zn/thiri-gone-rakhine-yoe-yar
EURASIA 93(Pizza & Spaghetti),https://www.foodpanda.com.mm/restaurant/mltu/eurasia-93-pizza-and-spaghetti
Shwe Swal Taw Restaurant & Shan Food,https://www.foodpanda.com.mm/restaurant/t1kt/shwe-swal-taw-restaurant-shan-food
SNC Bakery & Food House (pandago),https://www.foodpanda.com.mm/restaurant/j61o/snc-bakery-and-food-house-pandago
House of Foodies,https://www.foodpanda.com.mm/restaurant/t7gm/house-of-foodies
လွင်လွင် (၀က်သားတုတ်ထိုး),https://www.foodpanda.com.mm/restaurant/r8oq/l-ng-l-ng-0k-saa-ttutt-thiu
အစားပလုံး,https://www.foodpanda.com.mm/restaurant/e60r/acaa-plun
Sunny Healthy Juice,https://www.foodpanda.com.mm/restaurant/o7fl/sunny-healthy-juice
SH Bakery Yangon,https://www.foodpanda.com.mm/restaurant/y6fs/sh-bakery-yangon
Kurokawa Japanese Restaurant,https://www.foodpanda.com.mm/restaurant/r3uh/kurokawa-japanese-restaurant
HAEUNDAE Korean Restaurant,https://www.foodpanda.com.mm/restaurant/h5fj/haeundae-korean-restaurant
GUGUU TEA (1),https://www.foodpanda.com.mm/restaurant/kga5/guguu-tea-1
PIZZA 87,https://www.foodpanda.com.mm/restaurant/f6nj/pizza-87
Lok Lok BBQ,https://www.foodpanda.com.mm/restaurant/n5ds/lok-lok-bbq
Test Myanmar Account,https://www.foodpanda.com.mm/restaurant/t6uc/test-myanmar-account
The Lounge Resturant,https://www.foodpanda.com.mm/restaurant/c6wo/the-lounge-resturant
ကောင်းဆုလာဘ် ရှမ်းအစားအစာ,https://www.foodpanda.com.mm/restaurant/g5ys/keaang-chulaabh-r-m-acaa-acaa
Aurora,https://www.foodpanda.com.mm/restaurant/kb67/aurora
You ( U Hla Thein ),https://www.foodpanda.com.mm/restaurant/x0mp/you-u-hla-thein
WAKE n’ BAKE (South Okkalapa) (pandago),https://www.foodpanda.com.mm/restaurant/lk2u/wake-n-bake-south-okkalapa-pandago
Agora Food House,https://www.foodpanda.com.mm/restaurant/b3ua/agora-food-house
Beer Village,https://www.foodpanda.com.mm/restaurant/d19k/beer-village
Nancy Curry,https://www.foodpanda.com.mm/restaurant/t3np/nancy-curry
19 Street Shan Noodle,https://www.foodpanda.com.mm/restaurant/m1oq/19-street-shan-noodle
Lay Nhyo Shin,https://www.foodpanda.com.mm/restaurant/t5rs/lay-nhyo-shin
ဟန်ကြီးသူ (မာလာရှမ်းကော),https://www.foodpanda.com.mm/restaurant/w8oo/hn-k-ii-suu-maalaar-m-keaa
Fu Lu Chinese Restaurant,https://www.foodpanda.com.mm/restaurant/iko3/fu-lu-chinese-restaurant
The Burma Tea House,https://www.foodpanda.com.mm/restaurant/f2fn/the-burma-tea-house
Palace,https://www.foodpanda.com.mm/restaurant/z6bj/palace
AMT မာလာဒုတ်ထိုး,https://www.foodpanda.com.mm/restaurant/p9vz/amt-maalaadutt-thiu
မိဘမေတ္တာ Coffee and Tea House,https://www.foodpanda.com.mm/restaurant/cpim/mibhmettttaa-coffee-and-tea-house
The 13th Street,https://www.foodpanda.com.mm/restaurant/vhtw/the-13th-street
ကိုဆံရှည် ၁၇ လမ်းထိပ် ဝက်သားဒုတ်ထိုး,https://www.foodpanda.com.mm/restaurant/vawa/kiuchnr-nny-17-lm-thip-wk-saa-dutt-thiu
ဦးဗိုက်ပူ ကြေးအိုး နှင့်တရုတ်အစားအစာ,https://www.foodpanda.com.mm/restaurant/lxs7/uii-biuk-puu-k-e-aiu-n-ng-ttrutt-acaa-acaa
သစ္စာ,https://www.foodpanda.com.mm/restaurant/nsal/sccaa-nsal
Mae Sot Kitchen,https://www.foodpanda.com.mm/restaurant/t6gu/mae-sot-kitchen
Min Thar Gyi Cafe,https://www.foodpanda.com.mm/restaurant/ngjj/min-thar-gyi-cafe
Wutyee Food House,https://www.foodpanda.com.mm/restaurant/t1np/wutyee-food-house
Union Cloudkitchen,https://www.foodpanda.com.mm/restaurant/gqbt/union-cloudkitchen
ကိုးကဖေးဟောက်စ် (BBQ. COFFEE & DRINK),https://www.foodpanda.com.mm/restaurant/lt7r/kiu-kphe-heaak-c-bbq-coffee-and-drink
The Broadway Bistro,https://www.foodpanda.com.mm/restaurant/x8ou/the-broadway-bistro
ZAN' South Okkalapa Branch,https://www.foodpanda.com.mm/restaurant/l9dy/zan-south-okkalapa-branch
The Burma Kitchen,https://www.foodpanda.com.mm/restaurant/v2im/the-burma-kitchen
ပြည့်စုံ,https://www.foodpanda.com.mm/restaurant/neex/p-nny-cun
Kaung Pyae Sone (Kan Be),https://www.foodpanda.com.mm/restaurant/e0j6/kaung-pyae-sone-kan-be
The Slice,https://www.foodpanda.com.mm/restaurant/gq0p/the-slice
BAE,https://www.foodpanda.com.mm/restaurant/tf3x/bae
ပြည်မြို့သူ ( South Okkalapa ),https://www.foodpanda.com.mm/restaurant/ezyl/p-nny-m-iu-suu-south-okkalapa
Mandalay BBQ (Yangon),https://www.foodpanda.com.mm/restaurant/w2vz/mandalay-bbq-yangon
King's Crab,https://www.foodpanda.com.mm/chain/cv2vt/king-s-crab
Sumo Snack Shop,https://www.foodpanda.com.mm/restaurant/wjte/sumo-snack-shop
Kin Neko Bubble Tea (Yankin),https://www.foodpanda.com.mm/restaurant/ktkc/kin-neko-bubble-tea-yankin
Nature Fresh (Pandago),https://www.foodpanda.com.mm/restaurant/z6dw/nature-fresh-pandago
ရွှေညောင်ပင်(မြန်မာထမင်းနှင့်ဟင်း),https://www.foodpanda.com.mm/restaurant/fr4s/r-ennyeaang-png-m-n-maathmng-n-ng-hng
Yankin Heights Rooftop Restaurant,https://www.foodpanda.com.mm/restaurant/t4rz/yankin-heights-rooftop-restaurant
အန်တီမိုး,https://www.foodpanda.com.mm/restaurant/m4ju/an-ttiimiu
အေးမေတ္တာ,https://www.foodpanda.com.mm/restaurant/r9es/ae-mettttaa
လမင်းသာ- မြန်မာထမင်းဟင်းနှင့်အသုပ်စုံ,https://www.foodpanda.com.mm/restaurant/l9go/lmng-saa-m-n-maathmng-hng-n-ng-asup-cun
လက်ပံနီ (Foods & Tea House),https://www.foodpanda.com.mm/restaurant/l8ep/lk-pnnii-foods-and-tea-house
နွေဉီးလရောင်,https://www.foodpanda.com.mm/restaurant/dcah/n-enyii-lreaang
ရွှေကိန္နရီHome Madeစားသောက်ကုန်လုပ်ငန်း,https://www.foodpanda.com.mm/restaurant/r3jf/r-ekinnriihome-madecaa-seaak-kun-lup-ngn
Waffleboy,https://www.foodpanda.com.mm/restaurant/sarc/waffleboy
Two Plus Four,https://www.foodpanda.com.mm/restaurant/gemj/two-plus-four
ဆွေမင်း မာလာရှမ်းကော,https://www.foodpanda.com.mm/restaurant/qnql/ch-emng-maalaar-m-keaa
G- Hae'Koreans Food and Fried Chicken (Terminate),https://www.foodpanda.com.mm/restaurant/t5gl/g-haekoreans-food-and-fried-chicken-terminate
Wyne Veggie,https://www.foodpanda.com.mm/restaurant/w15j/wyne-veggie
MOEKAUNG (STREET BURGER),https://www.foodpanda.com.mm/restaurant/dc0e/moekaung-street-burger
Ya Thar Oao(မြန်မာထမင်းဟင်းနှင့်စားဖွယ်စုံ),https://www.foodpanda.com.mm/restaurant/a8vp/ya-thar-oao-m-n-maathmng-hng-n-ng-caa-ph-y-cun
Chef Asians & Thai Food,https://www.foodpanda.com.mm/restaurant/r5o5/chef-asians-and-thai-food
ဘရဏီ Food House,https://www.foodpanda.com.mm/restaurant/wshv/bhrnnii-food-house
ထိမိဂွိ မာလာရှမ်းကော,https://www.foodpanda.com.mm/restaurant/ne6l/thimig-i-maalaar-m-keaa
ရွှေရှမ်းလေး စားဖွယ်စုံ,https://www.foodpanda.com.mm/restaurant/e2nr/r-er-m-le-caa-ph-y-cun
My King,https://www.foodpanda.com.mm/restaurant/e6up/my-king
Memory Hot Pot,https://www.foodpanda.com.mm/restaurant/g6ok/memory-hot-pot
ကျော်ကောင်းကောင်း,https://www.foodpanda.com.mm/restaurant/t9nz/k-eaa-keaang-keaang
မမမေ (သစ်သီးယိုစုံ),https://www.foodpanda.com.mm/restaurant/ie4m/mmme-sc-sii-yiucun
Nature's House,https://www.foodpanda.com.mm/restaurant/mabd/natures-house
ဝတုတ်ကြက်သံပုံးကင်,https://www.foodpanda.com.mm/restaurant/bqax/wttutt-k-k-snpun-kng
ဥက္ကလာမြင့်,https://www.foodpanda.com.mm/restaurant/t0mn/ukklaam-ng
Mandalay Villa,https://www.foodpanda.com.mm/restaurant/s6le/mandalay-villa
EURASIA 93(KK Kitchen),https://www.foodpanda.com.mm/restaurant/adko/eurasia-93-kk-kitchen
စုလက်ရာ(ပန်းတောင်းထမင်းသုပ်),https://www.foodpanda.com.mm/restaurant/p5sm/culk-raa-pn-tteaang-thmng-sup
အလင်္ကာ,https://www.foodpanda.com.mm/restaurant/t0mi/alng-kaa
Kyaw San သစ္စာလမ်း ချစ်တီးဆိုင်,https://www.foodpanda.com.mm/restaurant/aivm/kyaw-san-sccaalm-kh-c-ttii-chiung
ခိုင် စားဖွယ်စုံ,https://www.foodpanda.com.mm/restaurant/sia1/khiung-caa-ph-y-cun-sia1
Hein Restaurant,https://www.foodpanda.com.mm/restaurant/w4kn/hein-restaurant
ရွှေရသာ (စားဖွယ်စုံ),https://www.foodpanda.com.mm/restaurant/jrlm/r-ersaa-caa-ph-y-cun
မခိုင်ကြီး(နံနက်ခင်းစားဖွယ်),https://www.foodpanda.com.mm/restaurant/mu7z/mkhiung-k-ii-nnnk-khng-caa-ph-y
Noodle Bowl (Yankin),https://www.foodpanda.com.mm/restaurant/d7mh/noodle-bowl-yankin
နဝရတ်မိုး,https://www.foodpanda.com.mm/restaurant/x8cv/nwrtt-miu
Yanking Eain,https://www.foodpanda.com.mm/restaurant/j2am/yanking-eain
Double K&T Food & Drink,https://www.foodpanda.com.mm/restaurant/texw/double-kandt-food-and-drink
ရွှေရန်ကုန်အဆင့်မြင့်လက်ဖက်ရည်နှင့်စားဖွယ်စုံ,https://www.foodpanda.com.mm/restaurant/ugiu/r-ern-kun-achng-m-ng-lk-phk-rnny-n-ng-caa-ph-y-cun
ကျောက်ဖြူ ရခိုင်မုန့်တီလက်ညှစ်နှင့် ပင်လယ်အစားအစာ,https://www.foodpanda.com.mm/restaurant/uymb/k-eaak-ph-uu-rkhiung-mun-ttiilk-nny-c-n-ng-png-ly-acaa-acaa
ဥက္ကာမင်း(Tea Center),https://www.foodpanda.com.mm/restaurant/i2uk/ukkaamng-tea-center
Angel's Kitchen,https://www.foodpanda.com.mm/restaurant/m1vs/angels-kitchen
Hello (Food & Drink),https://www.foodpanda.com.mm/restaurant/iwlc/hello-food-and-drink
သစ္စာရိပ်သာ(မာလာရှမ်းကော),https://www.foodpanda.com.mm/restaurant/x5o3/sccaarip-saa-maalaar-m-keaa
Aurora မာလာရှမ်းကော,https://www.foodpanda.com.mm/restaurant/l4op/aurora-maalaar-m-keaa
Burmese Tea (South Okkalapa),https://www.foodpanda.com.mm/restaurant/fyyp/burmese-tea-south-okkalapa
ဒါနကြွယ် မြန်မာထမင်းဟင်းနှင့် တရုတ်အစားအစာ,https://www.foodpanda.com.mm/restaurant/p6gj/d-nk-y-m-n-maathmng-hng-n-ng-ttrutt-acaa-acaa
Daw Cho ငရုတ်ကောင်းမုန့်ဟင်းခါး(ရန်ကင်း၊ ကန်ဘဲ့၊ သံလမ်းမှတ်တိုင်အနီး),https://www.foodpanda.com.mm/restaurant/dw9y/daw-cho-ngrutt-keaang-mun-hng-kh-rn-kng-kn-bhai-snlm-m-tt-ttiung-anii
Maggin -The Cake Corner,https://www.foodpanda.com.mm/restaurant/x3zi/maggin-the-cake-corner
Eat Right With Me (pandago),https://www.foodpanda.com.mm/restaurant/yd73/eat-right-with-me-pandago
Foodies,https://www.foodpanda.com.mm/restaurant/qdnr/foodies
မင်းကတော်(Min Gataw),https://www.foodpanda.com.mm/restaurant/z1ou/mng-ktteaa-min-gataw
Jerry T Bubble Tea Shop,https://www.foodpanda.com.mm/restaurant/mchg/jerry-t-bubble-tea-shop
Bubble Town (Innwa),https://www.foodpanda.com.mm/restaurant/iyov/bubble-town-innwa
Tar Yar Linn (Foods & Ice-Cream),https://www.foodpanda.com.mm/restaurant/i5ze/tar-yar-linn-foods-and-ice-cream
STACO,https://www.foodpanda.com.mm/restaurant/xooi/staco
ငယ်ငယ် နံနက်ခင်းမုန့်ဟင်းခါးအသုတ်စုံ,https://www.foodpanda.com.mm/restaurant/lqfz/ngy-ngy-nnnk-khng-mun-hng-kh-asutt-cun
Choppers,https://www.foodpanda.com.mm/restaurant/d3cv/choppers
Heart-Warming Creator,https://www.foodpanda.com.mm/restaurant/b3jv/heart-warming-creator
Ko Ko Ri,https://www.foodpanda.com.mm/restaurant/i0oi/ko-ko-ri
Pyae Hlyan Tea Shop,https://www.foodpanda.com.mm/restaurant/x3hr/pyae-hlyan-tea-shop
Cheers Bar & BBQ,https://www.foodpanda.com.mm/restaurant/t9pq/cheers-bar-bbq
Htoo's Myanmar Traditional,https://www.foodpanda.com.mm/restaurant/c12b/htoos-myanmar-traditional
ကြယ်တာရာ,https://www.foodpanda.com.mm/restaurant/eg6n/k-y-ttaaraa-eg6n
Emma Cake,https://www.foodpanda.com.mm/chain/cf1ed/emma-cake
ဦးရွှေရိုး,https://www.foodpanda.com.mm/restaurant/v5bq/uu-r-eriu
ရှမ်းရောက်စားသောက်ဆိုင်,https://www.foodpanda.com.mm/restaurant/i1qs/r-m-reaak-caa-seaak-chiung
Three Tea,https://www.foodpanda.com.mm/restaurant/smzo/three-tea
Chong Qing Grilled Fish,https://www.foodpanda.com.mm/restaurant/j6hf/chong-qing-grilled-fish
Taunggyi Si Taw Gyi Cafe,https://www.foodpanda.com.mm/chain/cy9ot/taunggyi-si-taw-gyi-cafe
EZee Minimart & Online Store (pandago),https://www.foodpanda.com.mm/restaurant/z4f0/ezee-minimart-and-online-store-pandago
Choco,https://www.foodpanda.com.mm/restaurant/q5ae/choco
မင်းဂေါင်လမ်းဦးစိုး,https://www.foodpanda.com.mm/restaurant/coms/mng-ge-ng-lm-uu-ciu
ရှယ်ပဲ မော်လမြိုင်မုန့်ဟင်းခါး,https://www.foodpanda.com.mm/restaurant/ex7u/r-y-pai-meaa-lm-iung-mun-hng-kh
H2A momiji sushi,https://www.foodpanda.com.mm/restaurant/a7ur/h2a-momiji-sushi
CasaBeer & BBQ Restaurant,https://www.foodpanda.com.mm/restaurant/j4xc/casabeer-and-bbq-restaurant
Like & Share,https://www.foodpanda.com.mm/restaurant/pza3/like-and-share
ထူးတာရာ (အအေးနှင့်စားဖွယ်စုံ),https://www.foodpanda.com.mm/restaurant/rjjk/thuu-ttaaraa-aae-n-ng-caa-ph-y-cun
မြသီတာ,https://www.foodpanda.com.mm/restaurant/mnqm/m-siittaa
The Boiling Shrimp,https://www.foodpanda.com.mm/restaurant/o0ql/the-boiling-shrimp
Nancy Curry ( Thitsar Road ),https://www.foodpanda.com.mm/restaurant/yzdk/nancy-curry-thitsar-road
ကြည်ကြည်သန့် မြောင်းမြမုန့်ဟင်းခါး,https://www.foodpanda.com.mm/restaurant/x2iq/k-nny-k-nny-sn-m-eaang-m-mun-hng-kh
K milk & food,https://www.foodpanda.com.mm/restaurant/o9rn/k-milk-and-food
Choco Tea & Juice,https://www.foodpanda.com.mm/restaurant/gn21/choco-tea-and-juice
မင်းကြီးရွှေတောင်ခေါက်ဆွဲနှင့်ကော်ရည်,https://www.foodpanda.com.mm/restaurant/ypqh/mng-k-ii-r-etteaang-khe-k-ch-ain-ng-keaa-rnny
နန်းရှေ့  ( မန္တလေး မြီးရှည် ),https://www.foodpanda.com.mm/restaurant/fl0a/nn-r-e-mnttle-m-ii-r-nny
လက်ချ်မီး - ချစ်တီးထမင်းဆိုင်,https://www.foodpanda.com.mm/restaurant/j1ae/lk-kh-mii-kh-c-ttii-thmng-chiung
ရန်ကုန် မုန့်ဟင်းခါး.အုန်းနို့ခေါက်ဆွဲ,https://www.foodpanda.com.mm/restaurant/l7wx/rn-kun-mun-hng-kh-aun-niu-khe-k-ch-ai
ကျင်ဟုန်,https://www.foodpanda.com.mm/chain/cq5lq/k-ng-hun
မြေအိုး - စားဖွယ်စုံ,https://www.foodpanda.com.mm/restaurant/axz5/m-eaiu-caa-ph-y-cun
အန်တီမြ (မုန့်ဟင်းခါးနှင့်အသုပ်စုံ),https://www.foodpanda.com.mm/restaurant/iwo7/an-ttiim-mun-hng-kh-n-ng-asup-cun
ဟိန်းဟိန်း,https://www.foodpanda.com.mm/restaurant/e6yl/hin-hin
Golden Cuisine,https://www.foodpanda.com.mm/restaurant/c0sl/golden-cuisine
ရန်ကင်းသူ,https://www.foodpanda.com.mm/restaurant/q1lk/rn-kng-suu
Maria's Food and Drink,https://www.foodpanda.com.mm/restaurant/wx4o/marias-food-and-drink
ရွှေကြက်(စားဖွယ်စုံ),https://www.foodpanda.com.mm/restaurant/iyan/r-ek-k-caa-ph-y-cun
မှာမယ် စားမယ် မှာစားမယ်,https://www.foodpanda.com.mm/restaurant/yh07/m-aamy-caa-my-m-aacaa-my
Arkar (AK),https://www.foodpanda.com.mm/chain/cp4tw/arkar-ak
Authentic Chicken Soup(ကြက်သောက်ဆမ်း နှင့် ရိုးရာအစားအစာ),https://www.foodpanda.com.mm/restaurant/ooko/authentic-chicken-soup-k-k-seaak-chm-n-ng-riu-raaacaa-acaa
Friday Pizza,https://www.foodpanda.com.mm/restaurant/cnnb/friday-pizza
လေပြေ စားဖွယ်စုံ,https://www.foodpanda.com.mm/restaurant/l6v1/lep-e-caa-ph-y-cun
Golden World,https://www.foodpanda.com.mm/restaurant/y7os/golden-world
Moshi Moshi Sushi,https://www.foodpanda.com.mm/restaurant/iyqg/moshi-moshi-sushi
The Flow BBQ & Restaurant,https://www.foodpanda.com.mm/restaurant/f0jw/the-flow-bbq-and-restaurant
Tun Tun Cafe,https://www.foodpanda.com.mm/restaurant/d9rm/tun-tun-cafe
ရွှေအင်း၀,https://www.foodpanda.com.mm/chain/cq3df/r-eang-0
ဒေါ်စန်းစန်းတင့် မြန်မာထမင်းဆိုင်,https://www.foodpanda.com.mm/restaurant/i9vw/de-cn-cn-ttng-m-n-maathmng-chiung
ရွှေအင်းဝ ရှမ်းခေါက်ဆွဲ,https://www.foodpanda.com.mm/restaurant/smol/r-eang-w-r-m-khe-k-ch-ai
7 Star (Terminated),https://www.foodpanda.com.mm/restaurant/t3ja/7-star-terminated
Summer Juice,https://www.foodpanda.com.mm/restaurant/c96n/summer-juice
ကောင်းထက်သာ,https://www.foodpanda.com.mm/restaurant/ibgc/keaang-thk-saa
Paparazi Mae Sot Taste,https://www.foodpanda.com.mm/restaurant/oq1a/paparazi-mae-sot-taste
Street Burger,https://www.foodpanda.com.mm/restaurant/bcmu/street-burger
၁၅လမ်း ရှမ်းစားဖွယ်,https://www.foodpanda.com.mm/restaurant/ll0e/15lm-r-m-caa-ph-y
TTNge,https://www.foodpanda.com.mm/restaurant/r3pk/ttnge
Violet Garden,https://www.foodpanda.com.mm/restaurant/xzk9/violet-garden
Ezee Balls,https://www.foodpanda.com.mm/restaurant/hnc7/ezee-balls
ဖြိုးအောင်(မနက်ခင်းစားဖွယ်စုံ),https://www.foodpanda.com.mm/restaurant/adrv/ph-iu-aeaang-mnk-khng-caa-ph-y-cun
ဧရာဝတီ ငါးကင်,https://www.foodpanda.com.mm/restaurant/cjz7/eraawttii-ng-kng
Ma Naw Thu (အချဉ်ပေါင်းသုပ်),https://www.foodpanda.com.mm/restaurant/hr8j/ma-naw-thu-akh-ny-pe-ng-sup
Theatre 2 by Burdubai,https://www.foodpanda.com.mm/restaurant/p3fa/theatre-2-by-burdubai
Ko Kyaw Gyi,https://www.foodpanda.com.mm/restaurant/e8py/ko-kyaw-gyi
7colours (Cold Drink & Pizza),https://www.foodpanda.com.mm/restaurant/b3oy/7colours-cold-drink-and-pizza
သုည-အသုပ်,https://www.foodpanda.com.mm/restaurant/n0em/sunny-asup
Food Studio,https://www.foodpanda.com.mm/restaurant/t1va/food-studio
လင်းလင်း (ထမင်းကြော်),https://www.foodpanda.com.mm/restaurant/d1uy/lng-lng-thmng-k-eaa
Cremo Ice-Cream,https://www.foodpanda.com.mm/restaurant/sfqh/cremo-ice-cream
ရွှေကြက်ဖ (တရုတ်အစားအစာ),https://www.foodpanda.com.mm/restaurant/ybh8/r-ek-k-ph-ttrutt-acaa-acaa
စနဲ,https://www.foodpanda.com.mm/restaurant/jd5k/cnai
J's Drink House,https://www.foodpanda.com.mm/restaurant/pewx/js-drink-house
S-O Choice အထောင်း.အသုပ်,https://www.foodpanda.com.mm/restaurant/r51e/s-o-choice-atheaang-asup
Aung Aung Tea Center,https://www.foodpanda.com.mm/restaurant/m5rd/aung-aung-tea-center
Tako Queen &  Pota Queen  (ဂျပန်ရေဘဝဲလုံးကြော်နှင့်အာလူးချောင်းကြော်အရသာစုံ),https://www.foodpanda.com.mm/restaurant/fffl/tako-queen-and-pota-queen-g-pn-rebhwailun-k-eaa-n-ng-aaaluu-kh-eaang-k-eaa-arsaacun
ရွှေဘိုသူ မန္တလေးမုန့်တီဆိုင်,https://www.foodpanda.com.mm/restaurant/q3az/r-ebhiusuu-mnttle-mun-ttiichiung
အောင်စားဖွယ်စုံ,https://www.foodpanda.com.mm/restaurant/le0y/aeaang-caa-ph-y-cun-le0y
Seafood Paragon,https://www.foodpanda.com.mm/restaurant/u0ox/seafood-paragon
PROK FAN,https://www.foodpanda.com.mm/restaurant/lpz9/prok-fan
အောင်ချမ်းသာ (စားဖွယ်စုံ),https://www.foodpanda.com.mm/restaurant/wmc2/aeaang-kh-m-saa-caa-ph-y-cun
Umami,https://www.foodpanda.com.mm/restaurant/t7pt/umami
Sun Moon Star(Halal food),https://www.foodpanda.com.mm/restaurant/nshj/sun-moon-star-halal-food
Spicy Paradise,https://www.foodpanda.com.mm/restaurant/g8in/spicy-paradise
ရှမ်းမလေး (ရှမ်းခေါက်ဆွဲ),https://www.foodpanda.com.mm/restaurant/g6ek/r-m-mle-r-m-khe-k-ch-ai
Aroma 2 - Indian Food,https://www.foodpanda.com.mm/restaurant/t0bo/aroma-2-indian-food
APPLE CAKE,https://www.foodpanda.com.mm/restaurant/nqdp/apple-cake
Thirimalar Food&Drink,https://www.foodpanda.com.mm/restaurant/d4jm/thirimalar-foodanddrink
ဦးကျော်သိန်း (ပလာတာဆိုင်),https://www.foodpanda.com.mm/restaurant/q1mx/uii-k-eaa-sin-plaattaachiung
မေတ္တာ (မုန့်တီ),https://www.foodpanda.com.mm/restaurant/scjd/mettttaa-mun-ttii
Ku Ku,https://www.foodpanda.com.mm/chain/ch7xq/ku-ku
Kiara's Sushi,https://www.foodpanda.com.mm/restaurant/y4ok/kiaras-sushi
Su&Co Cafe & Luxury Boutique(South Okkala),https://www.foodpanda.com.mm/restaurant/j8ch/suandco-cafe-and-luxury-boutique-south-okkala
WAI MAR Homecook,https://www.foodpanda.com.mm/restaurant/c6tj/wai-mar-homecook
မိုးမခထမင်းဆိုင်,https://www.foodpanda.com.mm/restaurant/fdvc/miu-mkhthmng-chiung
T&K,https://www.foodpanda.com.mm/restaurant/i3ly/tandk
မိဘမေတ္တာ စားဖွယ်စုံ,https://www.foodpanda.com.mm/restaurant/ixdp/mibhmettttaa-caa-ph-y-cun-ixdp
မိတ်ဆက် ဆီချက်ခေါက်ဆွဲဆိုင်,https://www.foodpanda.com.mm/restaurant/qdg2/mitt-chk-chiikh-k-khe-k-ch-aichiung
Little Bag,https://www.foodpanda.com.mm/restaurant/j1vj/little-bag
ကောင်းဆက် (ရန်ကင်း),https://www.foodpanda.com.mm/restaurant/nxey/keaang-chk-rn-kng-nxey
Tea O' Holic ( Kone Baung ),https://www.foodpanda.com.mm/restaurant/ijyw/tea-o-holic-kone-baung
Kaung Kaung Mala Shan Kaw,https://www.foodpanda.com.mm/chain/cu0ro/kaung-kaung-mala-shan-kaw
Happy Food,https://www.foodpanda.com.mm/restaurant/h8hz/happy-food
BEER O' CLOCK (B.B.Q & Restaurant),https://www.foodpanda.com.mm/restaurant/w42u/beer-o-clock-b-b-q-and-restaurant
Shwe Taung Tan Restaurant [Yangon],https://www.foodpanda.com.mm/restaurant/w0ls/shwe-taung-tan-restaurant-yangon
Friendsway Bar and Restaurant,https://www.foodpanda.com.mm/restaurant/w0lt/friendsway-bar-and-restaurant
Spicy မာလာကင်သုပ်,https://www.foodpanda.com.mm/restaurant/ww7f/spicy-maalaakng-sup
Sar Kyi - Kway Teow,https://www.foodpanda.com.mm/restaurant/xrm4/sar-kyi-kway-teow
ကံ့ကော်ရိပ် (စားဖွယ်စုံ),https://www.foodpanda.com.mm/restaurant/jact/kn-keaa-rip-caa-ph-y-cun
မေချို အသုပ်စုံ,https://www.foodpanda.com.mm/restaurant/bhzi/mekh-iu-asup-cun
Eat My Food,https://www.foodpanda.com.mm/restaurant/t3kz/eat-my-food
Ginki Yangon Beer Garden,https://www.foodpanda.com.mm/restaurant/t6ah/ginki-yangon-beer-garden
သင်းရနံ့(မုန့်ဟင်းခါး),https://www.foodpanda.com.mm/restaurant/s2lv/sng-rnn-mun-hng-kh
Pink Diamond Valley (pandago),https://www.foodpanda.com.mm/restaurant/snbq/pink-diamond-valley-pandago
Shwe Tha Har,https://www.foodpanda.com.mm/restaurant/m1lu/shwe-tha-har
ရွှေယိင်း,https://www.foodpanda.com.mm/chain/cm2jc/r-eying
Zabu Kyaw,https://www.foodpanda.com.mm/restaurant/keha/zabu-kyaw
So Pyay (Deep Fried Chicken Puff),https://www.foodpanda.com.mm/restaurant/q4vi/so-pyay-deep-fried-chicken-puff
Friends Way Bar,https://www.foodpanda.com.mm/restaurant/t1wp/friends-way-bar
Tip Top Foods (786),https://www.foodpanda.com.mm/restaurant/k9ah/tip-top-foods-786
Pyae Hlyan Restaurant,https://www.foodpanda.com.mm/restaurant/u2vl/pyae-hlyan-restaurant
Nilar Biryani,https://www.foodpanda.com.mm/chain/cl9ry/nilar-biryani
G Six (Bar & Restaurant),https://www.foodpanda.com.mm/restaurant/o1vn/g-six-bar-and-restaurant
Spicy Palace,https://www.foodpanda.com.mm/restaurant/qqnm/spicy-palace
Oscar Bubble Tea,https://www.foodpanda.com.mm/restaurant/s8xq/oscar-bubble-tea
Ying (pandago),https://www.foodpanda.com.mm/restaurant/a7jt/ying-pandago
မသီ ထမင်းဆိုင်,https://www.foodpanda.com.mm/restaurant/acqo/msii-thmng-chiung
စုဒိန်ချဥ်(ဘောက်ထော်စျေး),https://www.foodpanda.com.mm/restaurant/b7xf/cudin-kh-u-bheaak-theaa-c-e
Ben Zai,https://www.foodpanda.com.mm/restaurant/y2iw/ben-zai
Shwe Hsenwi Northern Shan Noodles,https://www.foodpanda.com.mm/restaurant/c9ip/shwe-hsenwi-northern-shan-noodles
Royal K,https://www.foodpanda.com.mm/restaurant/n9xp/royal-k
DT ယိုးဒယားအချဥ်ပေါင်း,https://www.foodpanda.com.mm/restaurant/zbuw/dt-yiu-dyaa-akh-u-pe-ng
ရိုစီ (ရှမ်းခေါက်ဆွဲ),https://www.foodpanda.com.mm/restaurant/qwyv/riucii-r-m-khe-k-ch-ai
Kyauk Kone ကျောက်ကုန်းကဖေး,https://www.foodpanda.com.mm/restaurant/j6ni/kyauk-kone-k-eaak-kun-kphe
အမေ့အိမ်(ရှေ့သို့လမ်း),https://www.foodpanda.com.mm/restaurant/jq22/ame-aim-r-e-siu-lm
Yangon Street Food Market,https://www.foodpanda.com.mm/restaurant/e4zb/yangon-street-food-market
Poppy Vietnamese Spring Rolls,https://www.foodpanda.com.mm/restaurant/t9wa/poppy-vietnamese-spring-rolls
Delicious,https://www.foodpanda.com.mm/restaurant/o953/delicious
Princess Irrawaddy(Yankin),https://www.foodpanda.com.mm/restaurant/t7bm/princess-irrawaddy-yankin
